{
  "festival": {
    "name": "Youth Point Kato",
    "locations": [
      "Katowice",
      "Chorzów",
      "Opole"
    ],
    "has_quiet_zone": true,
    "quiet_zone_location": "Strefa ciszy przy punkcie informacji (parter)",
    "site": "https://example.com/youthpoint"
  },
  "contacts": {
    "emergency": "112",
    "youth_hotline": "116 111",
    "local_support": "Punkt informacji Youth Point — poproś o kontakt z dyżurującym specjalistą"
  },
  "workshops": [
    {
      "title": "VR: Redukcja stresu",
      "tags": [
        "oddech",
        "mindfulness",
        "VR"
      ],
      "when": "Dzień 1, 15:00, Sala VR"
    },
    {
      "title": "Stretch & Breath 2–3 min",
      "tags": [
        "ruch",
        "ciało",
        "oddech"
      ],
      "when": "Dzień 1, 17:00, Sala Ruchu"
    }
  ],
  "post_festival": {
    "micro_practices": [
      {
        "name": "Oddech 4–7–8",
        "time": "2 min",
        "steps": "Wdech 4, pauza 7, wydech 8 (x4)."
      },
      {
        "name": "5 rzeczy",
        "time": "2 min",
        "steps": "Zauważ 5 rzeczy, które widzisz/słyszysz/czujesz."
      }
    ],
    "resources": [
      {
        "type": "podcast",
        "title": "Uważność na co dzień (10 min)"
      },
      {
        "type": "pdf",
        "title": "Szybkie ćwiczenia na stres – pakiet Youth Point"
      }
    ]
  },
  "faq": [
    {
      "q": "Gdzie jest strefa cichego odpoczynku?",
      "a": "Przy punkcie informacji na parterze."
    },
    {
      "q": "Czy są toalety dla osób z niepełnosprawnościami?",
      "a": "Tak, obok sali głównej."
    }
  ]
}